[
{
"name" : "name1",
"surname" : "surname1",
"active" : false,
"email" : "name1@gmail.com",
"city" : "Candelaria",
"creationDate" : "2018-10-20T18:00:00.000+01:00"
},
{
"name" : "name2",
"surname" : "surname2",
"active" : false,
"email" : "name2@gmail.com",
"city" : "S/C de Tenerife",
"creationDate" : "2018-11-03T09:00:00.000+01:00"
},
{
"name" : "name3",
"surname" : "surname3",
"active" : true,
"email" : "name3@gmail.com",
"city" : "San Cristóbal de La Laguna",
"creationDate" : "2019-01-02T13:00:00.000+01:00"
},
{
"name" : "name4",
"surname" : "surname4",
"email" : "name4@gmail.com",
"active" : true,
"city" : "Arico",
"creationDate" : "2019-01-12T13:10:00.000+01:00"
},
{
"name" : "name5",
"surname" : "surname5",
"active" : true,
"email" : "name5@gmail.com",
"city" : "Candelaria",
"creationDate" : "2019-02-02T10:00:00.000+01:00"
},
{
"name" : "name6",
"surname" : "surname6",
"active" : true,
"email" : "name6@gmail.com",
"city" : "S/C de Tenerife",
"creationDate" : "2019-01-20T08:30:00.000+01:00"
},
{
"name" : "name7",
"surname" : "surname7",
"active" : true,
"email" : "name7@gmail.com",
"city" : "La Orotava",
"creationDate" : "2019-02-04T20:00:00.000+01:00"
},
{
"name" : "name8",
"surname" : "surname8",
"active" : true,
"email" : "name8@gmail.com",
"city" : "San Cristóbal de La Laguna",
"creationDate" : "2019-02-04T20:30:00.000+01:00"
},
{
"name" : "name9",
"surname" : "surname9",
"active" : true,
"email" : "name9@gmail.com",
"city" : "Arona",
"creationDate" : "2019-02-05T17:30:00.000+01:00"
},
{
"name" : "name10",
"surname" : "surname10",
"active" : true,
"email" : "name10@gmail.com",
"city" : "Adeje",
"creationDate" : "2019-01-06T00:00:00.000+01:00"
},
{
"name" : "name11",
"surname" : "surname11",
"active" : true,
"email" : "name11@gmail.com",
"city" : "Santa Cristóbal de La Laguna",
"creationDate" : "2019-01-07T19:00:00.000+01:00"
},
{
"name" : "name12",
"surname" : "surname12",
"active" : false,
"email" : "name12@gmail.com",
"city" : "Candelaria",
"creationDate" : "2018-01-01T01:00:00.000+01:00"
},
{
"name" : "name13",
"surname" : "surname13",
"active" : false,
"email" : "name13@gmail.com",
"city" : "Puerto de la Cruz",
"creationDate" : "2018-07-01T23:00:00.000+01:00"
},
{
"name" : "name14",
"surname" : "surname14",
"active" : true,
"email" : "name14@gmail.com",
"city" : "Tegueste",
"creationDate" : "2019-01-30T20:20:00.000+01:00"
},
{
"name" : "name15",
"surname" : "surname15",
"active" : true,
"email" : "name15@gmail.com",
"city" : "Candelaria",
"creationDate" : "2019-01-29T13:00:00.000+01:00"
}
]